City,Cloudiness,Country,Date,Humidity,Lat,Lng,Max Temp,Wind Speed
Hobart,20,AU,1659931831,69,-42.8794,147.3294,52.27,5.75
Souillac,9,MU,1659931861,78,-20.5167,57.5167,69.91,7.99
Hong Kong,60,HK,1659931842,89,22.2855,114.1577,84.38,5.99
Kanlagay,91,PH,1659931861,66,5.8757,121.2915,84.29,4.43
Vaini,20,TO,1659931861,94,-21.2,-175.2,78.96,9.22
Iqaluit,98,CA,1659931862,86,63.7506,-68.5145,41.7,1.99
Punta Arenas,20,CL,1659931856,87,-53.15,-70.9167,35.71,8.05
Carnarvon,0,AU,1659931792,58,-24.8667,113.6333,68.11,11.7
Yulara,5,AU,1659931862,20,-25.2406,130.9889,70.86,15.64
Mataura,7,NZ,1659931863,69,-46.1927,168.8643,42.48,9.44
Kapaa,99,US,1659931277,81,22.0752,-159.319,79.12,3.0
Sault Ste. Marie,0,CA,1659931759,82,46.5168,-84.3333,62.89,0.0
Bitung,100,ID,1659931688,75,1.4451,125.1824,85.05,2.98
Esperance,31,AU,1659931338,63,-33.8667,121.9,62.67,19.19
Rikitea,100,PF,1659931864,77,-23.1203,-134.9692,70.32,36.93
Ilulissat,100,GL,1659931864,93,69.2167,-51.1,42.82,0.0
Tanabi,97,BR,1659931864,48,-20.6264,-49.6492,70.09,6.31
Grand Gaube,3,MU,1659931865,74,-20.0064,57.6608,69.39,3.0
Bethel,0,US,1659931865,89,41.3712,-73.414,79.48,0.0
Severo-Kuril'sk,50,RU,1659931865,86,50.6789,156.125,59.52,1.16
Arman',95,RU,1659931313,59,59.7,150.1667,62.64,6.71
Amapá,60,BR,1659931866,99,1.0,-52.0,69.91,2.1
Jamestown,0,US,1659931774,68,42.097,-79.2353,76.59,8.05
Puerto Carreño,64,CO,1659931151,87,6.189,-67.4859,77.4,3.85
Puerto Ayora,41,EC,1659931867,96,-0.7393,-90.3518,67.55,7.0
Kavieng,27,PG,1659931325,74,-2.5744,150.7967,83.37,12.46
Cidreira,100,BR,1659931347,94,-30.1811,-50.2056,58.64,15.64
Bredasdorp,100,ZA,1659931867,88,-34.5322,20.0403,57.29,2.98
Port Alfred,88,ZA,1659931867,99,-33.5906,26.891,57.18,1.01
Atuona,16,PF,1659931591,75,-9.8,-139.0333,76.86,15.64
Clyde River,40,CA,1659931868,89,70.4692,-68.5914,38.77,0.94
Castro,100,BR,1659931708,96,-24.7911,-50.0119,56.25,6.78
Taoudenni,2,ML,1659931868,13,22.6783,-3.9836,97.02,8.7
Cape Town,0,ZA,1659931785,88,-33.9258,18.4232,56.26,4.0
Qaanaaq,7,GL,1659931870,54,77.484,-69.3632,36.97,7.58
Biak,77,ID,1659931870,77,-0.9131,122.8766,80.17,7.34
Butaritari,92,KI,1659931870,75,3.0707,172.7902,81.7,12.15
Lagoa,18,PT,1659931871,81,39.05,-27.9833,73.2,16.98
Palmas de Monte Alto,78,BR,1659931871,67,-14.2672,-43.1619,70.18,5.55
Petropavlovsk-Kamchatskiy,20,RU,1659931871,64,53.0452,158.6483,66.79,11.18
Kabarnet,93,KE,1659931872,80,0.4919,35.743,54.75,1.74
Pringsewu,27,ID,1659931872,59,-5.3582,104.9744,87.21,2.01
Saint Paul Harbor,0,US,1659931874,52,57.79,-152.4072,63.91,5.75
Srednekolymsk,74,RU,1659931874,31,67.45,153.6833,72.9,14.36
Hilo,40,US,1659931874,80,19.7297,-155.09,83.28,6.91
Voinka,0,UA,1659931875,46,45.8699,33.9914,77.02,10.78
Noyabrsk,93,RU,1659931875,62,63.1994,75.4507,68.95,7.81
Makakilo City,40,US,1659931876,61,21.3469,-158.0858,82.72,16.11
East London,75,ZA,1659931876,100,-33.0153,27.9116,58.14,33.38
Smithers,5,CA,1659931876,62,54.7804,-127.1743,61.25,5.46
Meulaboh,95,ID,1659931341,69,4.1363,96.1285,83.52,3.62
Voh,73,NC,1659931877,70,-20.9667,164.7,76.57,6.46
Albany,0,US,1659931692,88,42.6001,-73.9662,77.41,3.04
Marawi,94,PH,1659931372,66,7.9986,124.2928,79.74,6.62
Saint-Augustin,7,CA,1659931877,63,51.226,-58.6502,56.88,15.82
Northam,0,GB,1659931878,78,51.0333,-4.2167,56.39,2.39
Hithadhoo,100,MV,1659931878,70,-0.6,73.0833,81.3,1.74
Vangaindrano,1,MG,1659931878,91,-23.35,47.6,63.07,2.86
Port Blair,100,IN,1659931332,82,11.6667,92.75,81.73,21.65
Busselton,98,AU,1659931879,78,-33.65,115.3333,55.33,20.89
Lebu,84,CL,1659931879,88,-37.6167,-73.65,45.41,8.97
Hofn,56,IS,1659931325,87,64.2539,-15.2082,50.9,14.92
Bluff,17,NZ,1659931880,57,-46.6,168.3333,42.8,21.65
Khorramabad,0,IR,1659931880,27,33.4878,48.3558,88.79,2.1
Menongue,0,AO,1659931880,44,-14.6585,17.691,50.59,4.27
Acaraú,9,BR,1659931881,83,-2.8856,-40.12,76.96,16.64
Saint-Leu,6,RE,1659931883,75,-21.15,55.2833,72.32,8.66
Srīvardhan,100,IN,1659931693,93,18.0333,73.0167,78.37,9.44
Wenling,19,CN,1659931356,67,28.3669,121.36,88.34,10.94
Manyana,0,BW,1659931884,41,-23.4,21.7167,51.3,9.26
Avarua,75,CK,1659931884,68,-21.2078,-159.775,73.45,16.11
Upernavik,100,GL,1659931780,82,72.7868,-56.1549,41.58,3.65
Roald,100,NO,1659931342,82,62.5833,6.1333,59.16,9.22
Raudeberg,100,NO,1659931885,65,61.9875,5.1352,53.96,15.97
Ushuaia,20,AR,1659931788,75,-54.8,-68.3,33.46,4.61
Bengkulu,12,ID,1659931885,63,-3.8004,102.2655,85.14,7.2
Lanzhou,51,CN,1659931885,43,36.0564,103.7922,87.24,5.86
Saskylakh,100,RU,1659931666,54,71.9167,114.0833,58.41,9.8
Van Wert,100,US,1659931886,90,40.8695,-84.5841,77.94,5.75
South Sioux City,100,US,1659931886,81,42.4739,-96.4136,69.75,14.97
Ribeira Grande,18,PT,1659931887,81,38.5167,-28.7,74.52,15.19
Qaqortoq,28,GL,1659931887,80,60.7167,-46.0333,44.4,2.3
Codrington,8,AU,1659931887,55,-38.2667,141.9667,54.9,3.36
Necochea,11,AR,1659931888,86,-38.5473,-58.7368,39.06,6.91
Lodja,8,CD,1659931888,71,-3.4833,23.4333,69.4,1.7
San Patricio,93,US,1659931888,73,28.017,-97.5169,84.88,12.24
Talnakh,100,RU,1659931889,92,69.4865,88.3972,57.96,5.57
Bana,100,CM,1659931889,100,5.1481,10.2762,60.76,1.3
Leander,0,US,1659931764,65,30.5788,-97.8531,85.19,8.05
Colesberg,0,ZA,1659931890,79,-30.72,25.0972,44.26,12.95
Gävle,100,SE,1659931890,66,60.6745,17.1417,57.07,3.33
Saint George,0,US,1659931333,17,37.1041,-113.5841,95.95,10.36
Elliot,30,ZA,1659931890,62,-31.3333,27.85,46.44,6.76
Portland,20,US,1659931787,38,45.5234,-122.6762,90.1,8.05
Tuktoyaktuk,88,CA,1659931891,74,69.4541,-133.0374,47.14,8.7
Fairbanks,75,US,1659931882,74,64.8378,-147.7164,57.6,5.75
Hermanus,41,ZA,1659931781,84,-34.4187,19.2345,50.81,5.06
Ballina,0,AU,1659931769,55,-28.8667,153.5667,67.01,16.28
Susuman,7,RU,1659931892,32,62.7833,148.1667,74.25,12.88
Samarai,46,PG,1659931892,73,-10.6167,150.6667,81.12,12.73
Qui Nhon,100,VN,1659931892,85,13.7667,109.2333,77.85,8.68
Isla Vista,0,US,1659931893,66,34.4133,-119.861,79.99,6.91
Faya,27,SA,1659931893,71,18.3851,42.4509,63.12,2.44
Port Elizabeth,100,ZA,1659931649,99,-33.918,25.5701,59.09,11.5
Magadan,94,RU,1659931893,64,59.5667,150.8,69.53,6.87
Lorengau,92,PG,1659931894,73,-2.0226,147.2712,83.8,9.84
Geraldton,40,AU,1659931894,72,-28.7667,114.6,66.61,12.66
Marystown,100,CA,1659931894,100,47.1666,-55.1483,67.86,1.01
Santa Rosalía,8,MX,1659931895,74,27.3167,-112.2833,81.99,5.5
Khatanga,69,RU,1659931895,55,71.9667,102.5,61.41,9.42
Beringovskiy,63,RU,1659931824,50,63.05,179.3167,49.64,14.12
Hasaki,52,JP,1659931895,77,35.7333,140.8333,95.29,22.75
Lüderitz,14,NA,1659931896,69,-26.6481,15.1594,55.56,8.14
New Norfolk,3,AU,1659931896,42,-42.7826,147.0587,51.93,2.08
Marabba,100,SD,1659931896,91,12.35,32.1833,73.45,10.67
Troitskiy,94,RU,1659931897,66,57.0603,63.7481,71.49,3.8
Conde,0,BR,1659931897,94,-7.2597,-34.9075,69.26,6.91
Coaraci,25,BR,1659931897,98,-14.6408,-39.5511,61.39,1.66
Port Lincoln,0,AU,1659931676,55,-34.7333,135.8667,57.83,3.74
Salalah,100,OM,1659931898,96,17.0151,54.0924,75.47,8.72
Santa Cruz de la Sierra,100,BO,1659931761,94,-17.8,-63.1667,69.26,2.3
Cherskiy,44,RU,1659931298,47,68.75,161.3,52.5,6.49
Wanaka,74,NZ,1659931894,59,-44.7,169.15,39.11,5.99
Nuuk,75,GL,1659931898,100,64.1835,-51.7216,39.81,8.05
Rio Grande,100,BR,1659931899,80,-32.035,-52.0986,53.94,14.85
Tutóia,5,BR,1659931899,87,-2.7619,-42.2744,76.8,12.64
Chokurdakh,97,RU,1659931899,29,70.6333,147.9167,65.43,17.18
Zharkent,100,KZ,1659931900,32,44.1628,80.0,82.38,9.19
Zeya,100,RU,1659931900,98,53.75,127.2667,57.0,3.24
Nishihara,75,JP,1659931900,66,26.1842,127.7558,89.65,11.5
Joniškis,98,LT,1659931901,86,56.2403,23.6153,54.52,5.75
Thinadhoo,100,MV,1659931901,72,0.5333,72.9333,81.95,5.19
Nikolskoye,100,RU,1659931619,77,59.7035,30.7861,59.88,3.65
Nizhniy Ingash,4,RU,1659931901,46,56.2,96.53,73.6,2.51
Lukovetskiy,8,RU,1659931905,68,64.2956,41.9211,57.92,6.04
Fortuna,0,US,1659931906,83,40.5982,-124.1573,62.94,6.91
Lipari,6,IT,1659931906,72,38.4674,14.954,79.32,2.33
Berlevåg,75,NO,1659931907,87,70.8578,29.0864,50.0,23.02
Yar-Sale,0,RU,1659931907,48,66.8333,70.8333,78.12,11.14
Yellowknife,100,CA,1659931683,92,62.456,-114.3525,56.75,5.19
Grindavik,75,IS,1659931344,93,63.8424,-22.4338,48.67,17.27
Sept-Îles,15,CA,1659931895,62,50.2001,-66.3821,60.06,5.99
kimparana,6,ML,1659931908,85,12.8347,-4.9244,75.58,4.34
Mar del Plata,100,AR,1659931908,83,-38.0023,-57.5575,47.08,7.0
Kanniyākumāri,100,IN,1659931908,79,8.0833,77.5667,79.97,23.33
Chui,6,UY,1659931837,88,-33.6971,-53.4616,47.16,7.23
Gazli,0,UZ,1659931909,23,40.1333,63.45,87.12,10.07
Ushumun,100,RU,1659931909,92,52.7833,126.5333,54.23,10.09
Saldanha,50,ZA,1659931910,84,-33.0117,17.9442,56.32,10.8
Ponta do Sol,0,PT,1659931910,83,32.6667,-17.1,71.71,3.69
Coquimbo,0,CL,1659931910,76,-29.9533,-71.3436,51.53,5.75
Cabo San Lucas,88,MX,1659931814,76,22.8909,-109.9124,85.51,2.37
Kiryat Gat,0,IL,1659931740,69,31.61,34.7642,78.4,2.01
Nemšová,80,SK,1659931911,74,48.967,18.1189,61.72,3.65
Khandyga,100,RU,1659931358,68,62.6667,135.6,63.68,2.35
Narsaq,10,GL,1659931352,72,60.9167,-46.05,41.22,4.21
Mālpura,92,IN,1659931390,66,26.2833,75.3833,85.8,4.9
Aldan,100,RU,1659931912,81,58.6031,125.3894,54.99,8.84
Artigas,37,UY,1659931912,89,-30.4,-56.4667,48.94,13.51
Nanortalik,43,GL,1659931912,77,60.1432,-45.2371,44.83,3.0
Teknāf,100,BD,1659931913,87,20.8624,92.3058,81.34,12.91
Prince Rupert,22,CA,1659931811,86,54.3161,-130.3201,56.35,3.09
Watsa,100,CD,1659931913,98,3.0372,29.5355,61.68,2.1
Antofagasta,0,CL,1659931324,71,-23.65,-70.4,58.06,6.44
Tilichiki,97,RU,1659931913,61,60.4667,166.1,63.75,5.61
Khlung,100,TH,1659931914,100,12.4547,102.2214,81.95,8.16
Arraial do Cabo,98,BR,1659931914,88,-22.9661,-42.0278,70.12,4.88
General Roca,100,AR,1659931915,97,-39.0333,-67.5833,39.49,3.69
Dikson,100,RU,1659931915,100,73.5069,80.5464,41.94,4.36
Angoram,91,PG,1659931915,66,-4.0625,144.0661,86.52,6.2
Karaton,32,ID,1659931916,55,-6.3424,106.1045,87.08,1.63
São José da Coroa Grande,90,BR,1659931916,63,-8.8978,-35.1478,75.67,8.46
Karratha,5,AU,1659931916,17,-20.7377,116.8463,78.04,6.6
Laas,96,IT,1659931334,90,46.6166,10.7002,55.36,2.95
Vicuña,14,CL,1659931391,55,-30.0319,-70.7081,44.33,4.27
Tasiilaq,100,GL,1659931917,98,65.6145,-37.6368,41.16,5.37
Oruzgan,0,AF,1659931917,12,32.8333,66.0,83.77,5.26
Safi,0,MA,1659931918,88,32.2994,-9.2372,67.71,9.57
Merritt,0,CA,1659931918,44,50.1123,-120.7942,69.44,4.79
Torbay,90,CA,1659931918,90,47.6666,-52.7314,69.58,5.99
Snåase,44,NO,1659931919,88,64.2457,12.3778,45.14,1.61
San Juan,99,AR,1659931919,83,-31.5375,-68.5364,40.14,7.9
Horqueta,100,PY,1659931919,98,-23.3428,-57.0597,62.04,3.83
Lemon Tree Passage,71,AU,1659931920,82,-32.7327,152.036,64.11,5.01
Klaksvík,100,FO,1659931920,99,62.2266,-6.589,54.52,8.3
Alofi,75,NU,1659931920,78,-19.0595,-169.9187,78.69,10.36
Bourail,85,NC,1659931921,77,-21.5667,165.4833,73.9,8.66
Boloteşti,11,RO,1659931921,83,45.8333,27.0667,65.52,9.95
Provideniya,75,RU,1659931865,65,64.3833,-173.3,39.36,15.99
Miepherkeim,0,TR,1659931921,29,38.1419,41.0081,73.69,2.01
Taltal,1,CL,1659931922,58,-25.4,-70.4833,59.47,4.05
Bereda,20,ES,1659931643,100,43.2686,-7.5406,61.57,3.8
Lincoln,100,US,1659931798,83,40.8,-96.667,72.28,18.41
Hay River,82,CA,1659931657,71,60.8156,-115.7999,56.44,3.24
Ushibukamachi,67,JP,1659931923,73,32.1906,130.0228,85.26,7.9
Casablanca,34,MA,1659931923,81,33.5928,-7.6192,71.82,2.33
Baoning,7,CN,1659931923,57,25.3378,110.026,91.74,4.59
Genhe,24,CN,1659931924,31,50.7833,121.5167,68.99,15.37
Fengrun,98,CN,1659931924,56,39.8333,118.1167,79.77,9.82
Tanout,98,NE,1659931924,61,14.9709,8.8879,83.17,15.82
San Quintín,33,MX,1659931835,85,30.4833,-115.95,72.82,5.23
Ranong,100,TH,1659931925,81,9.9658,98.6348,81.52,11.97
Lompoc,0,US,1659931925,83,34.6391,-120.4579,64.78,9.22
West Wendover,0,US,1659931925,60,40.7391,-114.0733,74.41,3.44
Thompson,75,CA,1659931926,82,55.7435,-97.8558,64.56,5.75
Muhafazat Lahij,41,YE,1659931926,67,13.1667,44.5833,83.62,4.54
Husavik,17,IS,1659931713,83,66.0449,-17.3389,48.24,13.2
George Town,20,MY,1659931903,66,5.4112,100.3354,87.73,11.5
Alice Springs,3,AU,1659931339,20,-23.7,133.8833,71.22,13.8
Mahébourg,10,MU,1659931927,75,-20.4081,57.7,69.26,8.86
Melbourne,0,US,1659931877,84,28.0836,-80.6081,83.01,10.36
Nicoya,99,CR,1659931927,92,10.1483,-85.452,74.8,0.13
Monchique,0,PT,1659931928,94,37.3177,-8.5553,61.14,3.04
Diu,100,IN,1659931928,80,20.7141,70.9822,83.08,3.76
Chumikan,100,RU,1659931928,96,54.7183,135.315,53.01,19.3
Bestöbe,61,KZ,1659931357,58,52.4994,73.0975,69.42,13.4
Nome,100,US,1659931928,81,64.5011,-165.4064,50.07,14.97
La Santisima Trinidad,94,BO,1659931929,98,-14.8333,-64.9,70.29,1.25
Olafsvik,89,IS,1659931387,81,64.8945,-23.7142,50.52,25.23
São João da Barra,66,BR,1659931365,90,-21.6403,-41.0511,71.91,8.95
Dakar,100,SN,1659931757,85,14.6937,-17.4441,81.48,5.82
Tiznit Province,0,MA,1659931929,42,29.5833,-9.5,72.84,3.67
Yerbogachën,100,RU,1659931371,77,61.2767,108.0108,54.72,7.99
Kununurra,40,AU,1659931865,40,-15.7667,128.7333,91.38,10.36
Truckee,0,US,1659931873,43,39.328,-120.1833,80.17,0.0
Alanya,35,TR,1659931930,77,36.5438,31.9998,82.53,4.34
Okhotsk,100,RU,1659931930,84,59.3833,143.3,55.63,18.81
Āreka,96,ET,1659931931,89,7.0667,37.7,61.07,1.19
Barrow,100,US,1659931931,76,71.2906,-156.7887,44.62,21.85
Teykovo,100,RU,1659931931,96,56.858,40.5369,59.94,4.9
Rincon,40,US,1659931932,90,32.296,-81.2354,81.86,3.44
Entre Rios,0,BR,1659931932,91,-11.9419,-38.0844,64.33,3.56
Airai,41,TL,1659931932,45,-8.9266,125.4092,75.22,5.7
Harper,47,LR,1659931353,81,4.375,-7.7169,72.64,9.01
Usol'ye,68,RU,1659931933,61,59.4268,56.6808,73.0,1.36
Impfondo,68,CG,1659931933,97,1.6381,18.0667,70.23,1.32
Padang,20,ID,1659931934,66,-0.9492,100.3543,86.05,4.61
Kyaikto,100,MM,1659931792,95,17.3,97.0167,75.51,1.66
Chateaubelair,9,VC,1659931934,84,13.2833,-61.25,79.36,11.72
Lisburn,78,GB,1659931934,89,54.5234,-6.0353,55.02,4.61
Longyearbyen,75,SJ,1659931935,87,78.2186,15.6401,46.24,8.05
Linxia Chengguanzhen,64,CN,1659931935,45,35.6003,103.2064,84.07,6.06
Sinnamary,97,GF,1659931935,77,5.3833,-52.95,79.48,9.28
Norman Wells,100,CA,1659931936,90,65.282,-126.8329,53.82,7.72
Kaitangata,37,NZ,1659931661,58,-46.2817,169.8464,42.48,12.91
Svetlaya,100,RU,1659931933,94,46.5389,138.3297,71.02,4.03
Bilibino,56,RU,1659931936,41,68.0546,166.4372,54.23,6.08
Inhambane,2,MZ,1659931382,83,-23.865,35.3833,67.8,9.51
Maragogi,73,BR,1659931937,63,-9.0122,-35.2225,75.18,8.7
Hailey,0,US,1659931808,44,43.5196,-114.3153,68.88,1.01
Vila Franca do Campo,77,PT,1659931937,87,37.7167,-25.4333,70.21,4.81
Esso,35,RU,1659931938,52,55.9333,158.7,77.4,4.45
Uvarovo,7,RU,1659931938,41,51.9849,42.2615,73.0,3.29
Rudnogorsk,52,RU,1659931943,75,57.2639,103.7519,64.38,4.76
Veere,26,NL,1659931943,88,51.5483,3.6667,59.0,5.75
Cayenne,0,GF,1659931689,1,4.9333,-52.3333,80.1,0.0
Saint-Philippe,0,RE,1659931943,79,-21.3585,55.7679,69.39,5.53
Coyhaique,100,CL,1659931787,87,-45.5752,-72.0662,36.21,3.44
Tomari,100,RU,1659931944,97,47.7658,142.0683,67.77,8.66
Dandong,100,CN,1659931944,73,40.1292,124.3947,84.38,11.45
Qasigiannguit,100,GL,1659931382,97,68.8193,-51.1922,43.05,3.02
Ayan,100,RU,1659931363,95,56.45,138.1667,54.73,25.46
Bambanglipuro,79,ID,1659931945,68,-7.95,110.2833,81.46,10.67
Saint-Pierre,75,RE,1659931945,67,-21.3393,55.4781,72.91,6.91
Sitka,100,US,1659931945,82,57.0531,-135.33,57.09,8.05
Oranjestad,9,AW,1659931946,87,12.524,-70.027,81.0,20.92
San Cristobal,95,VE,1659931946,97,7.7669,-72.225,71.78,2.44
Bodden Town,14,KY,1659931946,81,19.2833,-81.25,83.93,3.0
Bambous Virieux,16,MU,1659931932,75,-20.3428,57.7575,69.22,9.06
Korla,1,CN,1659931947,19,41.7597,86.1469,93.7,6.15
Constitución,0,CL,1659931947,87,-35.3333,-72.4167,46.04,7.74
Turaif,8,SA,1659931947,30,31.6725,38.6637,81.05,11.52
Hualmay,43,PE,1659931779,85,-11.0964,-77.6139,60.93,9.04
Tumaco,63,CO,1659931770,86,1.7986,-78.8156,76.06,5.44
Flinders,43,AU,1659931836,67,-34.5833,150.8552,60.06,14.88
Shenzhen,43,CN,1659931718,99,22.5455,114.0683,84.27,11.01
Panzhihua,91,CN,1659931937,63,26.5851,101.7128,84.2,1.05
Armidale,14,AU,1659931948,45,-30.5167,151.65,54.05,5.95
Ginda,100,IN,1659931949,69,30.6945,78.4932,72.84,1.52
Norfolk,0,US,1659931949,86,42.1668,-71.2495,80.28,6.91
Sur,60,OM,1659931949,54,22.5667,59.5289,90.54,5.61
Batemans Bay,18,AU,1659931950,54,-35.7167,150.1833,57.09,8.43
Yumen,100,CN,1659931788,57,40.2833,97.2,67.73,16.53
Paamiut,26,GL,1659931389,82,61.994,-49.6678,44.24,11.16
Mjölby,66,SE,1659931950,96,58.326,15.1237,55.11,4.81
Naze,4,JP,1659931665,69,28.3667,129.4833,83.5,5.68
‘Āhuimanu,75,US,1659931951,68,21.4447,-157.8378,83.91,16.11
Barra de Tecoanapa,100,MX,1659931951,79,16.5167,-98.75,80.98,2.13
Lavrentiya,100,RU,1659931951,76,65.5833,-171.0,38.59,12.77
Udachny,100,RU,1659931952,100,66.4167,112.4,46.45,6.71
Palafrugell,81,ES,1659931952,39,41.9174,3.1631,76.35,1.01
Kiama,53,AU,1659931952,56,-34.6833,150.8667,61.0,15.55
College,100,US,1659931859,74,64.8569,-147.8028,57.58,5.75
Pevek,100,RU,1659931790,89,69.7008,170.3133,33.06,13.85
Bawku,53,GH,1659931953,81,11.0616,-0.2417,74.3,6.69
Kieta,66,PG,1659931953,79,-6.2167,155.6333,81.66,2.82
Havelock,0,US,1659931954,88,34.8791,-76.9013,84.18,1.01
Sabha,0,LY,1659931954,28,27.0377,14.4283,80.01,11.18
Edd,100,ER,1659931954,77,13.9297,41.6925,82.33,17.58
Mardin,0,TR,1659931955,68,37.3131,40.7436,67.26,0.0
Ji’an,17,CN,1659931955,44,27.1172,114.9793,95.86,8.05
Kushiro,100,JP,1659931762,100,42.975,144.3747,70.75,6.91
Hadejia,100,NG,1659931955,84,12.4498,10.0444,75.51,8.48
Moose Factory,75,CA,1659931956,66,51.2585,-80.6094,49.33,4.03
Indian Head,0,US,1659931956,88,38.6001,-77.1622,83.12,6.91
Mount Isa,0,AU,1659931372,15,-20.7333,139.5,73.17,11.5
Tongliao,23,CN,1659931956,36,43.6125,122.2653,78.01,11.86
Salinas,0,US,1659931957,72,36.6777,-121.6555,66.96,9.22
Skibbereen,0,IE,1659931957,88,51.55,-9.2667,51.12,4.36
Babanka,41,UA,1659931958,89,48.7097,30.4483,63.57,10.31
Boa Vista,0,BR,1659931958,69,2.8197,-60.6733,82.38,34.52
Shingū,57,JP,1659931958,77,33.7333,135.9833,86.16,9.98
Lixouri,47,GR,1659931959,53,38.2019,20.4314,82.69,15.41
Kamenka,8,RU,1659931959,41,51.3223,42.7678,72.93,5.44
Haines City,0,US,1659931849,89,28.1142,-81.6179,78.98,0.0
Linqiong,95,CN,1659931959,69,30.4159,103.4609,87.94,2.93
Ketchikan,100,US,1659931960,72,55.3422,-131.6461,61.27,8.05
St. George's,13,GD,1659931920,83,12.0564,-61.7485,80.06,9.98
Semey,0,KZ,1659931840,40,50.4111,80.2275,73.62,6.71
Nhulunbuy,20,AU,1659931960,58,-12.2333,136.7667,84.81,18.41
Balikpapan,40,ID,1659931961,83,-1.2675,116.8289,81.59,6.91
Alihe,29,CN,1659931961,26,50.5667,123.7167,73.94,14.79
Bathsheba,75,BB,1659931961,95,13.2167,-59.5167,83.01,17.27
Thyborøn,76,DK,1659931962,92,56.6985,8.2124,54.18,8.93
Opuwo,2,NA,1659931962,27,-18.0607,13.84,60.4,5.39
Pangnirtung,97,CA,1659931962,93,66.1451,-65.7125,42.08,1.21
Banda Aceh,100,ID,1659931963,61,5.5577,95.3222,85.69,11.74
Tiksi,100,RU,1659931963,94,71.6872,128.8694,51.31,8.84
Comodoro Rivadavia,0,AR,1659931964,93,-45.8667,-67.5,37.26,4.61
Bandarbeyla,29,SO,1659931964,61,9.4942,50.8122,77.97,29.12
Wiang Sa,100,TH,1659931964,70,8.6359,99.3666,85.86,3.78
Novi Grad,99,BA,1659931965,84,45.0458,16.3803,60.01,2.13
Andros Town,3,BS,1659931965,72,24.7,-77.7667,82.36,15.17
Rundu,0,NA,1659931965,40,-17.9333,19.7667,56.12,5.37
Dunedin,87,NZ,1659931228,50,-45.8742,170.5036,43.81,7.0
Ono,100,JP,1659931849,61,34.85,134.9333,85.14,7.83
Sysert',68,RU,1659931966,69,56.4953,60.8192,75.09,2.71
Zhangye,53,CN,1659931966,30,38.9342,100.4517,81.37,11.12
Santa Maria,100,BR,1659931874,93,-29.6842,-53.8069,53.15,9.42
Tual,97,ID,1659931967,81,-5.6667,132.75,80.2,18.59
Musoma,49,TZ,1659931967,62,-1.5,33.8,67.26,7.27
Yomou,100,GN,1659931967,99,7.5603,-9.2653,67.44,2.44
Navahrudak,2,BY,1659931919,86,53.6,25.8333,52.52,3.15
Port Hedland,40,AU,1659931968,16,-20.3167,118.5667,80.65,9.22
Río Gallegos,100,AR,1659931785,81,-51.6226,-69.2181,37.45,17.27
Velyka Bahachka,48,UA,1659931968,59,49.7912,33.7226,68.63,5.32
Peniche,0,PT,1659931969,94,39.3558,-9.3811,62.46,0.81
Horsham,0,GB,1659931969,86,51.064,-0.3272,61.74,3.44
Dmitriyevka,92,RU,1659931969,65,54.75,55.3333,70.48,5.5
Praia da Vitória,73,PT,1659931970,94,38.7333,-27.0667,72.75,8.66
Huejúcar,99,MX,1659931970,70,22.35,-103.2167,65.21,2.3
Maumere,24,ID,1659931970,67,-8.6199,122.2111,83.75,1.88
Las Palmas,20,ES,1659931971,88,28.4204,-14.0131,68.79,21.85
Caravelas,5,BR,1659931971,76,-17.7125,-39.2481,72.93,9.98
Coruripe,16,BR,1659931972,72,-10.1256,-36.1756,71.71,8.08
Avera,97,US,1659931972,79,33.194,-82.5271,75.54,3.06
Bayan,0,CN,1659931972,43,46.0833,127.4,74.91,11.72
Varniai,94,LT,1659931973,84,55.7406,22.3644,54.1,5.17
Labuhan,14,ID,1659931973,58,-6.8844,112.2051,86.58,1.86
Luwingu,0,ZM,1659931973,77,-10.2621,29.9271,49.3,3.31
Deer Lake,96,CA,1659931974,68,49.1667,-57.4316,66.24,13.8
Chapais,81,CA,1659931974,72,49.7834,-74.8492,49.01,4.12
Haines Junction,89,CA,1659931974,68,60.7522,-137.5108,52.61,6.26
Venice,20,US,1659931728,92,27.0998,-82.4543,78.98,8.05
Henties Bay,61,NA,1659931975,90,-22.116,14.2845,53.6,5.1
Xai-Xai,0,MZ,1659931975,82,-25.0519,33.6442,64.71,11.21
Machetá,82,CO,1659931975,94,5.0815,-73.6076,54.18,0.76
Jiazi,85,CN,1659931976,75,22.8779,116.067,84.65,13.22
Hamīrpur,7,IN,1659931976,55,25.95,80.15,92.61,10.78
Dembī Dolo,100,ET,1659931976,93,8.5333,34.8,56.44,3.13
Isangel,6,VU,1659931977,74,-19.55,169.2667,80.37,2.44
Sundargarh,33,IN,1659931977,68,22.1167,84.0333,85.75,15.46
Surin,100,TH,1659931977,91,14.8818,103.4936,75.61,10.92
Ampanihy,18,MG,1659931978,98,-24.7,44.75,59.43,7.67
Kushima,58,JP,1659931978,59,31.4583,131.2333,91.06,8.03
Sorong,24,ID,1659931978,76,-0.8833,131.25,81.77,5.06
Worthington,20,US,1659931722,91,40.0931,-83.018,76.95,4.61
Palmerston,0,AU,1659931979,42,-12.486,130.9833,91.92,12.66
Ankazoabo,0,MG,1659931979,64,-22.2833,44.5167,60.82,5.59
Nyrob,54,RU,1659931979,58,60.733,56.7202,73.98,3.02
Byron Bay,0,AU,1659931885,54,-28.65,153.6167,66.94,14.85
Nouakchott,12,MR,1659931980,85,18.0858,-15.9785,77.38,9.42
Yangi Marg`ilon,5,UZ,1659931980,19,40.4272,71.7189,91.2,10.6
Nouadhibou,1,MR,1659931981,89,20.931,-17.0347,71.67,9.44
Quatre Cocos,18,MU,1659931981,75,-20.2078,57.7625,69.1,9.46
Arrondissement de Mayenne,0,FR,1659931981,66,48.3333,-0.6667,56.64,7.72
Chowchilla,0,US,1659931981,47,37.123,-120.2602,84.43,9.22
Nānākuli,40,US,1659931982,59,21.3906,-158.1547,84.15,13.8
Vila,1,PT,1659931982,89,42.0304,-8.1588,57.7,2.64
Kaeo,20,NZ,1659931982,84,-35.1,173.7833,62.33,4.34
Dicabisagan,100,PH,1659931983,89,17.0818,122.4157,79.52,7.52
Cavalcante,7,BR,1659931983,36,-13.7975,-47.4583,71.89,2.53
Angoche,0,MZ,1659931984,77,-16.2325,39.9086,67.78,5.55
Ziyang,64,CN,1659931984,47,29.2497,117.8547,97.81,1.39
Key West,20,US,1659931865,71,24.5557,-81.7826,87.8,14.97
Camacha,40,PT,1659931984,73,33.0833,-16.3333,67.42,11.5
Fort Nelson,75,CA,1659931985,77,58.8053,-122.7002,60.39,5.75
Vestmannaeyjar,66,IS,1659931985,82,63.4427,-20.2734,51.67,18.37
Valparaíso,0,CL,1659931931,91,-33.0393,-71.6273,51.48,5.75
Namwala,0,ZM,1659931985,49,-15.7504,26.4384,55.4,4.43
Garissa,70,KE,1659931986,82,-0.4536,39.6401,69.51,16.33
Sola,6,VU,1659931986,73,-13.8833,167.55,80.13,3.09
Aksarka,0,RU,1659931986,43,66.5606,67.7975,79.92,10.65
Puerto del Rosario,20,ES,1659931987,88,28.5004,-13.8627,71.35,21.85
Morada Nova,9,BR,1659931987,77,-5.1067,-38.3725,73.99,5.82
Mana,95,GF,1659931987,87,5.6592,-53.7767,78.44,7.23
Half Moon Bay,0,US,1659931988,81,37.4636,-122.4286,67.44,13.8
Poshekhon'ye,40,RU,1659931988,91,58.4993,39.1353,56.62,4.38
Riyadh,5,SA,1659931857,23,24.6877,46.7219,93.34,2.89
Narva-Jõesuu,99,EE,1659931989,79,59.4589,28.0408,59.0,6.73
Carupano,52,VE,1659931989,90,10.6678,-63.2585,76.68,6.4
Port Hardy,16,CA,1659931989,90,50.6996,-127.4199,60.78,11.48
Turangi,81,NZ,1659931990,72,-39.0,175.9333,51.78,3.02
Zyryanka,44,RU,1659931937,42,65.75,150.85,80.65,11.63
Shetpe,100,KZ,1659931990,21,44.1667,52.1167,80.22,4.59
Vardø,20,NO,1659931990,87,70.3705,31.1107,49.98,10.36
Buraidah,17,SA,1659931991,20,26.326,43.975,96.64,9.46
Itoigawa,86,JP,1659931991,68,37.0333,137.85,90.01,3.22
Belaya Gora,61,RU,1659931992,41,68.5333,146.4167,71.67,6.76
Nadym,16,RU,1659931992,47,65.5333,72.5167,79.14,9.8
Ladybrand,27,ZA,1659931992,58,-29.1945,27.4574,43.83,4.43
Falun,77,SE,1659931993,72,60.6036,15.626,49.95,2.51
Casay,96,PH,1659931993,64,9.8204,123.5496,84.65,0.72
Agadez,48,NE,1659931993,19,19.75,10.25,89.13,7.83
Nelson Bay,63,AU,1659931994,83,-32.7167,152.15,61.0,11.99
Faanui,75,PF,1659931994,69,-16.4833,-151.75,76.41,26.22
Pisco,75,PE,1659931994,82,-13.7,-76.2167,59.05,3.44
Puerto Baquerizo Moreno,57,EC,1659931995,79,-0.9,-89.6,68.4,11.54
Arlit,96,NE,1659931995,36,18.7369,7.3853,90.75,11.18
Valdosta,0,US,1659931975,94,30.8327,-83.2785,73.35,0.0
Tefé,51,BR,1659931995,84,-3.3542,-64.7114,75.27,1.77
Khanbari,34,NP,1659931996,72,27.3747,87.2039,83.46,3.56
Wamba,100,NG,1659931760,96,8.9333,8.6,70.18,1.34
Ancud,5,CL,1659931996,89,-41.8697,-73.8203,39.02,3.58
Monrovia,100,LR,1659931997,80,6.3005,-10.7969,75.52,8.43
Marsá Maţrūḩ,0,EG,1659931997,80,31.3525,27.2453,75.65,8.39
Terney,100,RU,1659931997,81,45.0503,136.6092,78.13,5.01
Muisne,98,EC,1659931998,89,0.6,-80.0333,73.78,6.64
Madimba,77,TZ,1659931998,90,-10.4,40.3333,67.06,7.52
Botou,100,CN,1659931998,86,38.0667,116.5667,77.43,15.57
Auki,100,SB,1659931998,85,-8.7676,160.7034,79.68,5.01
Evensk,96,RU,1659931938,74,61.95,159.2333,61.66,6.04
Saint-Paul,13,RE,1659931999,76,-21.0096,55.2707,73.36,1.79
Te Anau,52,NZ,1659931999,84,-45.4167,167.7167,38.66,5.75
Misratah,0,LY,1659931929,68,32.3754,15.0925,80.98,7.27
Tema,76,GH,1659932000,80,5.667,-0.0166,73.62,12.41
Kasongo,6,CD,1659932000,43,-4.45,26.6667,71.06,2.3
Mitsamiouli,13,KM,1659932000,68,-11.3847,43.2844,75.24,9.31
Presidente Médici,75,BR,1659931930,65,-11.1753,-61.9014,77.72,0.98
Leningradskiy,99,RU,1659931720,95,69.3833,178.4167,32.9,19.64
Vanavara,45,RU,1659931962,46,60.34,102.2797,66.33,8.81
Okha,100,RU,1659932001,95,53.5739,142.9478,55.2,23.17
Port Pirie,0,AU,1659932001,43,-33.1833,138.0167,59.68,5.82
La Antigua,99,CO,1659932002,97,6.7153,-76.079,59.72,0.81
Juan de Ayolas,100,PY,1659932002,88,-27.4,-56.9,57.18,6.11
Tegul'det,99,RU,1659932002,51,57.3064,88.1667,72.25,4.92
Tuatapere,13,NZ,1659931737,69,-46.1333,167.6833,41.88,12.15
Adrar,54,MR,1659932003,30,20.5022,-10.0711,94.53,9.15
Kloulklubed,92,PW,1659932003,79,7.0419,134.2556,82.9,17.65
Novobirilyussy,95,RU,1659931870,52,56.9514,90.6661,71.8,2.35
Noumea,54,NC,1659931707,99,-22.2763,166.4572,78.01,12.28
Lynn Haven,0,US,1659931864,96,30.2455,-85.6483,75.97,4.61
Ullapool,73,GB,1659932004,92,57.8987,-5.1604,54.45,6.29
Ţahţā,1,EG,1659932004,32,26.7693,31.5021,83.35,5.64
Marabu,86,MY,1659932004,62,4.4148,114.0089,86.7,5.68
Bruneck,98,IT,1659932005,93,46.7958,11.9364,61.95,2.3
San Miguel de Cozumel,40,MX,1659932005,89,20.5083,-86.9458,78.87,0.0
Santa Inês,5,BR,1659932005,88,-3.6667,-45.38,71.58,3.96
Barranco,100,PA,1659932006,92,9.5167,-82.7,77.92,2.73
Bonavista,92,CA,1659932006,92,48.6499,-53.1147,66.25,20.94
Ilorin,100,NG,1659932006,89,8.5,4.55,71.19,8.79
Calvillo,99,MX,1659932007,66,21.85,-102.7167,68.94,9.37
Baker City,0,US,1659931744,40,44.7749,-117.8344,74.59,4.61
Santa Helena,60,BR,1659932007,99,-2.2311,-45.3,70.41,1.9
Seoul,100,KR,1659931992,97,37.5683,126.9778,80.2,11.5
Manta,100,EC,1659932008,88,-0.95,-80.7333,69.58,4.61
Marabá,0,BR,1659932008,100,-5.3686,-49.1178,73.58,0.0
Montepuez,2,MZ,1659932008,95,-13.1256,38.9997,58.69,4.47
Hobyo,15,SO,1659932009,79,5.3505,48.5268,76.19,23.82
Laguna,0,US,1659932009,57,38.421,-121.4238,80.46,10.36
Vaitape,77,PF,1659932010,69,-16.5167,-151.75,76.37,26.26
Rodino,50,RU,1659932010,43,52.5,80.25,75.63,7.38
Kirkenær,54,NO,1659932010,96,60.4564,12.0582,50.23,1.3
Rossosh',60,RU,1659932011,47,51.1209,38.5116,70.81,1.86
Bingöl,0,TR,1659932011,40,38.8847,40.4939,76.35,4.12
Zhigansk,65,RU,1659932011,67,66.7697,123.3711,59.18,13.76
Lata,0,PT,1659931763,90,40.1629,-8.3327,59.22,0.43
Vao,4,NC,1659932012,81,-22.6667,167.4833,72.36,17.74
Mareeba,75,AU,1659932012,64,-17.0,145.4333,75.92,6.15
Barranca,82,PE,1659932012,84,-10.75,-77.7667,60.76,8.03
Poum,3,NC,1659932013,76,-20.2333,164.0167,75.15,16.62
Yamada,100,JP,1659932013,64,39.4667,141.95,86.4,11.03
Port Hueneme,0,US,1659932013,78,34.1478,-119.1951,88.25,6.91
Ixtapa,100,MX,1659932014,74,20.7,-105.2,83.43,0.0
Bonthe,85,SL,1659932014,87,7.5264,-12.505,75.61,7.9
Baiyin,63,CN,1659932014,43,36.5583,104.2081,84.09,6.71
Andenes,75,NO,1659932015,81,69.3143,16.1194,52.93,10.36
Aitape,56,PG,1659932015,78,-3.1374,142.3475,83.41,8.61
Venado Tuerto,78,AR,1659932016,83,-33.7456,-61.9688,46.76,9.01
Zhezkazgan,0,KZ,1659932016,43,47.8043,67.7144,73.38,17.9
Esmeraldas,15,BR,1659932016,46,-19.7625,-44.3139,67.06,4.29
Stykkisholmur,82,IS,1659932017,85,65.0757,-22.7297,49.35,20.07
Kenai,20,US,1659931956,75,60.5544,-151.2583,57.02,25.32
Arica,100,CL,1659932017,72,-18.475,-70.3042,59.23,4.61
Valle Hermoso,83,MX,1659932017,69,25.6667,-97.8333,82.89,10.56
Cairns,75,AU,1659931988,65,-16.9167,145.7667,80.55,14.97
Los Llanos de Aridane,75,ES,1659932018,83,28.6585,-17.9182,67.75,13.8
Changqing,100,CN,1659932018,78,36.5575,116.7272,86.83,6.51
Konstantinovka,33,RU,1659932018,54,49.6167,127.9833,68.05,15.9
Pangoa,66,PE,1659932019,99,-12.1167,-73.0,65.37,2.53
Neiafu,20,TO,1659932019,78,-18.65,-173.9833,81.28,10.36
Ossora,100,RU,1659932019,59,59.2353,163.0719,64.2,5.41
Barabinsk,76,RU,1659932020,70,55.3571,78.357,64.71,10.85
Malbork,80,PL,1659932020,77,54.0359,19.0266,60.12,1.77
Merthyr Tydfil,5,GB,1659932020,83,51.7479,-3.3778,58.28,4.03
Benjamín Hill,89,MX,1659932021,69,30.1667,-111.1,75.78,14.05
Yeppoon,0,AU,1659932021,38,-23.1333,150.7333,71.38,5.46
Ilhabela,100,BR,1659932022,93,-23.7781,-45.3581,68.27,6.13
Tàrrega,55,ES,1659931787,64,41.647,1.1396,71.19,4.38
Severiano Melo,18,BR,1659932022,71,-5.7772,-37.9578,73.17,12.26
Masuguru,30,TZ,1659932022,85,-11.3667,38.4167,64.27,1.25
Storforshei,75,NO,1659932023,100,66.4043,14.5233,49.66,0.0
Saint Anthony,100,US,1659932023,94,45.0205,-93.218,65.25,14.97
Hambantota,90,LK,1659932023,70,6.1241,81.1185,82.29,19.77
Isla Mujeres,91,MX,1659932024,83,21.2311,-86.731,77.16,8.99
Anadyr,75,RU,1659932024,49,64.75,177.4833,50.49,20.13
Dauphin,13,CA,1659932024,70,51.1494,-100.0502,64.06,9.71
Darhan,22,MN,1659932025,51,49.4867,105.9228,68.92,3.33
Jieshi,81,CN,1659932025,75,22.8134,115.8257,84.65,15.43
Asău,12,RO,1659931938,95,46.4333,26.4,63.52,2.75
Nieuw Amsterdam,80,SR,1659932025,81,5.8833,-55.0833,81.01,6.4
Nandikotkūr,100,IN,1659932026,87,15.8667,78.2667,75.25,15.52
Weatherford,78,US,1659932026,44,32.7593,-97.7972,90.12,11.97
Arecibo,97,PR,1659932026,95,18.4724,-66.7157,82.26,1.01
Chimoio,0,MZ,1659932027,91,-19.1164,33.4833,53.65,2.28
Lauria,4,IT,1659932027,55,40.0465,15.8358,71.1,4.81
Iskateley,91,RU,1659932027,78,67.6803,53.1512,56.34,12.19
Fertőrákos,86,HU,1659932028,64,47.7202,16.6504,63.81,9.08
Semnan,1,IR,1659932032,27,35.5729,53.3971,88.0,4.05
Soverato Marina,19,IT,1659932032,64,38.685,16.5499,78.15,6.35
Salym,100,RU,1659932032,48,60.0625,71.4789,71.56,4.23
Distrikt Brokopondo,87,SR,1659932033,87,4.75,-55.1667,77.05,6.4
Galesong,40,ID,1659932033,64,-5.3166,119.3661,87.82,12.55
Gawler,1,AU,1659932033,55,-34.6,138.7333,61.14,5.26
Burnie,23,AU,1659932034,60,-41.0667,145.9167,52.95,4.65
Weymouth,75,US,1659932035,87,42.2209,-70.9398,80.47,12.66
Pimenta Bueno,57,BR,1659932035,80,-11.6725,-61.1936,74.43,1.7
Bac Lieu,100,VN,1659931869,66,9.285,105.7244,85.15,11.77
Verkhnyaya Inta,0,RU,1659931856,53,65.9811,60.3094,75.65,15.12
Ulladulla,12,AU,1659932036,56,-35.35,150.4667,57.4,10.04
Otavi,19,NA,1659932036,28,-19.65,17.3333,60.3,6.93
Wajima,99,JP,1659931797,74,37.4,136.9,84.88,20.33
Nioro,97,GM,1659932036,96,13.35,-15.75,73.22,3.02
Weligama,94,LK,1659931958,77,5.9667,80.4167,80.67,12.19
Insar,6,RU,1659932037,55,53.8653,44.3738,71.11,2.26
Altamira,40,BR,1659932037,89,-3.2033,-52.2064,71.98,3.11
Ayorou,94,NE,1659932037,54,14.7308,0.9174,85.03,6.46
Mainburg,75,DE,1659932038,82,48.65,11.7833,55.44,2.3
Bad Doberan,33,DE,1659932038,95,54.1071,11.9005,59.99,6.22
Kodinsk,19,RU,1659932038,55,58.6881,99.1844,71.33,4.79
Ponta Delgada,40,PT,1659932039,88,37.7333,-25.6667,70.52,1.14
Bonnyville,8,CA,1659932039,82,54.2668,-110.735,62.96,6.64
Vila Velha,20,BR,1659932039,88,-20.3297,-40.2925,75.15,12.66
Doha,0,QA,1659931904,75,25.2867,51.5333,93.51,4.61
Golden,75,US,1659931801,91,39.7555,-105.2211,66.15,7.0
Aklavik,75,CA,1659932040,65,68.2191,-135.0107,56.79,7.52
Naryshkino,99,RU,1659932040,81,52.9678,35.7268,65.7,5.79
